--------------------------------------------------------
--  File created - Friday-June-12-2020   
--------------------------------------------------------
DROP TABLE "HR"."BOOKING" cascade constraints;
DROP TABLE "HR"."CAR" cascade constraints;
DROP TABLE "HR"."CAR_CUSTOMER" cascade constraints;
DROP TABLE "HR"."CITY" cascade constraints;
DROP TABLE "HR"."CUSTOMER" cascade constraints;
DROP TABLE "HR"."CUSTOMER_CONTACT" cascade constraints;
DROP TABLE "HR"."EMPLOYEE" cascade constraints;
DROP TABLE "HR"."LANGUAGE" cascade constraints;
DROP TABLE "HR"."MOVIE" cascade constraints;
DROP TABLE "HR"."MOVIE_LANGUAGE" cascade constraints;
DROP TABLE "HR"."MOVIE_THEATRE" cascade constraints;
DROP TABLE "HR"."OWNER" cascade constraints;
DROP TABLE "HR"."STATUS" cascade constraints;
DROP TABLE "HR"."STORE_CUSTOMER" cascade constraints;
DROP TABLE "HR"."THEATRE" cascade constraints;
DROP TABLE "HR"."TRANSACTION" cascade constraints;
DROP TABLE "HR"."USERS" cascade constraints;
DROP TABLE "HR"."USER_TYPE" cascade constraints;
--------------------------------------------------------
--  DDL for Table BOOKING
--------------------------------------------------------

  CREATE TABLE "HR"."BOOKING" 
   (	"BOOKING_ID" CHAR(5 BYTE) COLLATE "USING_NLS_COMP", 
	"CUSTOMER_ID" CHAR(5 BYTE) COLLATE "USING_NLS_COMP", 
	"MOVIE_THEATRE_ID" CHAR(5 BYTE) COLLATE "USING_NLS_COMP", 
	"BOOKING_DATE" DATE, 
	"NO_OF_SEATS" CHAR(5 BYTE) COLLATE "USING_NLS_COMP"
   )  DEFAULT COLLATION "USING_NLS_COMP" SEGMENT CREATION IMMEDIATE 
  PCTFREE 10 PCTUSED 40 INITRANS 1 MAXTRANS 255 
 NOCOMPRESS LOGGING
  STORAGE(INITIAL 65536 NEXT 1048576 MINEXTENTS 1 MAXEXTENTS 2147483645
  PCTINCREASE 0 FREELISTS 1 FREELIST GROUPS 1
  BUFFER_POOL DEFAULT FLASH_CACHE DEFAULT CELL_FLASH_CACHE DEFAULT)
  TABLESPACE "USERS" ;
--------------------------------------------------------
--  DDL for Table CAR
--------------------------------------------------------

  CREATE TABLE "HR"."CAR" 
   (	"CAR_NUMBER_PLATE" CHAR(7 BYTE) COLLATE "USING_NLS_COMP", 
	"CAR_NAME" VARCHAR2(50 BYTE) COLLATE "USING_NLS_COMP", 
	"OWNER_ID" CHAR(5 BYTE) COLLATE "USING_NLS_COMP"
   )  DEFAULT COLLATION "USING_NLS_COMP" SEGMENT CREATION DEFERRED 
  PCTFREE 10 PCTUSED 40 INITRANS 1 MAXTRANS 255 
 NOCOMPRESS LOGGING
  TABLESPACE "USERS" ;
--------------------------------------------------------
--  DDL for Table CAR_CUSTOMER
--------------------------------------------------------

  CREATE TABLE "HR"."CAR_CUSTOMER" 
   (	"CUSTOMER_ID" CHAR(5 BYTE) COLLATE "USING_NLS_COMP", 
	"CUSTOMER_NAME" VARCHAR2(50 BYTE) COLLATE "USING_NLS_COMP"
   )  DEFAULT COLLATION "USING_NLS_COMP" SEGMENT CREATION DEFERRED 
  PCTFREE 10 PCTUSED 40 INITRANS 1 MAXTRANS 255 
 NOCOMPRESS LOGGING
  TABLESPACE "USERS" ;
--------------------------------------------------------
--  DDL for Table CITY
--------------------------------------------------------

  CREATE TABLE "HR"."CITY" 
   (	"CITY_ID" CHAR(5 BYTE) COLLATE "USING_NLS_COMP", 
	"CITY_NAME" VARCHAR2(20 BYTE) COLLATE "USING_NLS_COMP"
   )  DEFAULT COLLATION "USING_NLS_COMP" SEGMENT CREATION IMMEDIATE 
  PCTFREE 10 PCTUSED 40 INITRANS 1 MAXTRANS 255 
 NOCOMPRESS LOGGING
  STORAGE(INITIAL 65536 NEXT 1048576 MINEXTENTS 1 MAXEXTENTS 2147483645
  PCTINCREASE 0 FREELISTS 1 FREELIST GROUPS 1
  BUFFER_POOL DEFAULT FLASH_CACHE DEFAULT CELL_FLASH_CACHE DEFAULT)
  TABLESPACE "USERS" ;
--------------------------------------------------------
--  DDL for Table CUSTOMER
--------------------------------------------------------

  CREATE TABLE "HR"."CUSTOMER" 
   (	"CUSTOMER_ID" CHAR(5 BYTE) COLLATE "USING_NLS_COMP", 
	"FIRST_NAME" VARCHAR2(20 BYTE) COLLATE "USING_NLS_COMP", 
	"LAST_NAME" VARCHAR2(20 BYTE) COLLATE "USING_NLS_COMP", 
	"USERNAME" VARCHAR2(20 BYTE) COLLATE "USING_NLS_COMP", 
	"PASSWORD" VARCHAR2(20 BYTE) COLLATE "USING_NLS_COMP", 
	"DATE_OF_BIRTH" DATE, 
	"USER_TYPE_ID" CHAR(5 BYTE) COLLATE "USING_NLS_COMP"
   )  DEFAULT COLLATION "USING_NLS_COMP" SEGMENT CREATION IMMEDIATE 
  PCTFREE 10 PCTUSED 40 INITRANS 1 MAXTRANS 255 
 NOCOMPRESS LOGGING
  STORAGE(INITIAL 65536 NEXT 1048576 MINEXTENTS 1 MAXEXTENTS 2147483645
  PCTINCREASE 0 FREELISTS 1 FREELIST GROUPS 1
  BUFFER_POOL DEFAULT FLASH_CACHE DEFAULT CELL_FLASH_CACHE DEFAULT)
  TABLESPACE "USERS" ;
--------------------------------------------------------
--  DDL for Table CUSTOMER_CONTACT
--------------------------------------------------------

  CREATE TABLE "HR"."CUSTOMER_CONTACT" 
   (	"MOBILE_NUMBER" CHAR(10 BYTE) COLLATE "USING_NLS_COMP", 
	"CUSTOMER_ID" CHAR(5 BYTE) COLLATE "USING_NLS_COMP"
   )  DEFAULT COLLATION "USING_NLS_COMP" SEGMENT CREATION IMMEDIATE 
  PCTFREE 10 PCTUSED 40 INITRANS 1 MAXTRANS 255 
 NOCOMPRESS LOGGING
  STORAGE(INITIAL 65536 NEXT 1048576 MINEXTENTS 1 MAXEXTENTS 2147483645
  PCTINCREASE 0 FREELISTS 1 FREELIST GROUPS 1
  BUFFER_POOL DEFAULT FLASH_CACHE DEFAULT CELL_FLASH_CACHE DEFAULT)
  TABLESPACE "USERS" ;
--------------------------------------------------------
--  DDL for Table EMPLOYEE
--------------------------------------------------------

  CREATE TABLE "HR"."EMPLOYEE" 
   (	"EMPLOYEE_ID" CHAR(5 BYTE) COLLATE "USING_NLS_COMP", 
	"NAME" VARCHAR2(20 BYTE) COLLATE "USING_NLS_COMP", 
	"MOBILE_NUMBER" NUMBER(10,0)
   )  DEFAULT COLLATION "USING_NLS_COMP" SEGMENT CREATION IMMEDIATE 
  PCTFREE 10 PCTUSED 40 INITRANS 1 MAXTRANS 255 
 NOCOMPRESS LOGGING
  STORAGE(INITIAL 65536 NEXT 1048576 MINEXTENTS 1 MAXEXTENTS 2147483645
  PCTINCREASE 0 FREELISTS 1 FREELIST GROUPS 1
  BUFFER_POOL DEFAULT FLASH_CACHE DEFAULT CELL_FLASH_CACHE DEFAULT)
  TABLESPACE "USERS" ;
--------------------------------------------------------
--  DDL for Table LANGUAGE
--------------------------------------------------------

  CREATE TABLE "HR"."LANGUAGE" 
   (	"LANGUAGE_ID" CHAR(5 BYTE) COLLATE "USING_NLS_COMP", 
	"LANGUAGE_NAME" VARCHAR2(20 BYTE) COLLATE "USING_NLS_COMP"
   )  DEFAULT COLLATION "USING_NLS_COMP" SEGMENT CREATION IMMEDIATE 
  PCTFREE 10 PCTUSED 40 INITRANS 1 MAXTRANS 255 
 NOCOMPRESS LOGGING
  STORAGE(INITIAL 65536 NEXT 1048576 MINEXTENTS 1 MAXEXTENTS 2147483645
  PCTINCREASE 0 FREELISTS 1 FREELIST GROUPS 1
  BUFFER_POOL DEFAULT FLASH_CACHE DEFAULT CELL_FLASH_CACHE DEFAULT)
  TABLESPACE "USERS" ;
--------------------------------------------------------
--  DDL for Table MOVIE
--------------------------------------------------------

  CREATE TABLE "HR"."MOVIE" 
   (	"MOVIE_ID" CHAR(5 BYTE) COLLATE "USING_NLS_COMP", 
	"MOVIE_NAME" VARCHAR2(50 BYTE) COLLATE "USING_NLS_COMP", 
	"MOVIE_DESC" VARCHAR2(500 BYTE) COLLATE "USING_NLS_COMP", 
	"RELEASE_DATE" DATE, 
	"DURATION" NUMBER(3,0), 
	"COVER_PHOTO_URL" VARCHAR2(500 BYTE) COLLATE "USING_NLS_COMP", 
	"TRAILER_URL" VARCHAR2(500 BYTE) COLLATE "USING_NLS_COMP", 
	"STATUS_ID" CHAR(5 BYTE) COLLATE "USING_NLS_COMP"
   )  DEFAULT COLLATION "USING_NLS_COMP" SEGMENT CREATION IMMEDIATE 
  PCTFREE 10 PCTUSED 40 INITRANS 1 MAXTRANS 255 
 NOCOMPRESS LOGGING
  STORAGE(INITIAL 65536 NEXT 1048576 MINEXTENTS 1 MAXEXTENTS 2147483645
  PCTINCREASE 0 FREELISTS 1 FREELIST GROUPS 1
  BUFFER_POOL DEFAULT FLASH_CACHE DEFAULT CELL_FLASH_CACHE DEFAULT)
  TABLESPACE "USERS" ;
--------------------------------------------------------
--  DDL for Table MOVIE_LANGUAGE
--------------------------------------------------------

  CREATE TABLE "HR"."MOVIE_LANGUAGE" 
   (	"MOVIE_LANGUAGE_ID" CHAR(5 BYTE) COLLATE "USING_NLS_COMP", 
	"LANGUAGE_ID" CHAR(5 BYTE) COLLATE "USING_NLS_COMP", 
	"MOVIE_ID" CHAR(5 BYTE) COLLATE "USING_NLS_COMP"
   )  DEFAULT COLLATION "USING_NLS_COMP" SEGMENT CREATION IMMEDIATE 
  PCTFREE 10 PCTUSED 40 INITRANS 1 MAXTRANS 255 
 NOCOMPRESS LOGGING
  STORAGE(INITIAL 65536 NEXT 1048576 MINEXTENTS 1 MAXEXTENTS 2147483645
  PCTINCREASE 0 FREELISTS 1 FREELIST GROUPS 1
  BUFFER_POOL DEFAULT FLASH_CACHE DEFAULT CELL_FLASH_CACHE DEFAULT)
  TABLESPACE "USERS" ;
--------------------------------------------------------
--  DDL for Table MOVIE_THEATRE
--------------------------------------------------------

  CREATE TABLE "HR"."MOVIE_THEATRE" 
   (	"MOVIE_THEATRE_ID" CHAR(5 BYTE) COLLATE "USING_NLS_COMP", 
	"MOVIE_ID" CHAR(5 BYTE) COLLATE "USING_NLS_COMP", 
	"THEATRE_ID" CHAR(5 BYTE) COLLATE "USING_NLS_COMP", 
	"SEATS_REMAINING" NUMBER(3,0)
   )  DEFAULT COLLATION "USING_NLS_COMP" SEGMENT CREATION IMMEDIATE 
  PCTFREE 10 PCTUSED 40 INITRANS 1 MAXTRANS 255 
 NOCOMPRESS LOGGING
  STORAGE(INITIAL 65536 NEXT 1048576 MINEXTENTS 1 MAXEXTENTS 2147483645
  PCTINCREASE 0 FREELISTS 1 FREELIST GROUPS 1
  BUFFER_POOL DEFAULT FLASH_CACHE DEFAULT CELL_FLASH_CACHE DEFAULT)
  TABLESPACE "USERS" ;
--------------------------------------------------------
--  DDL for Table OWNER
--------------------------------------------------------

  CREATE TABLE "HR"."OWNER" 
   (	"OWNER_ID" CHAR(5 BYTE) COLLATE "USING_NLS_COMP", 
	"OWNER_NAME" VARCHAR2(50 BYTE) COLLATE "USING_NLS_COMP"
   )  DEFAULT COLLATION "USING_NLS_COMP" SEGMENT CREATION DEFERRED 
  PCTFREE 10 PCTUSED 40 INITRANS 1 MAXTRANS 255 
 NOCOMPRESS LOGGING
  TABLESPACE "USERS" ;
--------------------------------------------------------
--  DDL for Table STATUS
--------------------------------------------------------

  CREATE TABLE "HR"."STATUS" 
   (	"STATUS_ID" CHAR(5 BYTE) COLLATE "USING_NLS_COMP", 
	"STATUS_NAME" VARCHAR2(20 BYTE) COLLATE "USING_NLS_COMP"
   )  DEFAULT COLLATION "USING_NLS_COMP" SEGMENT CREATION IMMEDIATE 
  PCTFREE 10 PCTUSED 40 INITRANS 1 MAXTRANS 255 
 NOCOMPRESS LOGGING
  STORAGE(INITIAL 65536 NEXT 1048576 MINEXTENTS 1 MAXEXTENTS 2147483645
  PCTINCREASE 0 FREELISTS 1 FREELIST GROUPS 1
  BUFFER_POOL DEFAULT FLASH_CACHE DEFAULT CELL_FLASH_CACHE DEFAULT)
  TABLESPACE "USERS" ;
--------------------------------------------------------
--  DDL for Table STORE_CUSTOMER
--------------------------------------------------------

  CREATE TABLE "HR"."STORE_CUSTOMER" 
   (	"CUSTOMER_ID" CHAR(5 BYTE) COLLATE "USING_NLS_COMP", 
	"NAME" VARCHAR2(20 BYTE) COLLATE "USING_NLS_COMP", 
	"MOBILE_NUMBER" NUMBER(10,0)
   )  DEFAULT COLLATION "USING_NLS_COMP" SEGMENT CREATION IMMEDIATE 
  PCTFREE 10 PCTUSED 40 INITRANS 1 MAXTRANS 255 
 NOCOMPRESS LOGGING
  STORAGE(INITIAL 65536 NEXT 1048576 MINEXTENTS 1 MAXEXTENTS 2147483645
  PCTINCREASE 0 FREELISTS 1 FREELIST GROUPS 1
  BUFFER_POOL DEFAULT FLASH_CACHE DEFAULT CELL_FLASH_CACHE DEFAULT)
  TABLESPACE "USERS" ;
--------------------------------------------------------
--  DDL for Table THEATRE
--------------------------------------------------------

  CREATE TABLE "HR"."THEATRE" 
   (	"THEATRE_ID" CHAR(5 BYTE) COLLATE "USING_NLS_COMP", 
	"THEATRE_NAME" VARCHAR2(20 BYTE) COLLATE "USING_NLS_COMP", 
	"CITY_ID" CHAR(5 BYTE) COLLATE "USING_NLS_COMP", 
	"NO_OF_SEATS" NUMBER(3,0) DEFAULT 50, 
	"TICKET_PRICE" NUMBER(5,2) DEFAULT 150.00
   )  DEFAULT COLLATION "USING_NLS_COMP" SEGMENT CREATION IMMEDIATE 
  PCTFREE 10 PCTUSED 40 INITRANS 1 MAXTRANS 255 
 NOCOMPRESS LOGGING
  STORAGE(INITIAL 65536 NEXT 1048576 MINEXTENTS 1 MAXEXTENTS 2147483645
  PCTINCREASE 0 FREELISTS 1 FREELIST GROUPS 1
  BUFFER_POOL DEFAULT FLASH_CACHE DEFAULT CELL_FLASH_CACHE DEFAULT)
  TABLESPACE "USERS" ;
--------------------------------------------------------
--  DDL for Table TRANSACTION
--------------------------------------------------------

  CREATE TABLE "HR"."TRANSACTION" 
   (	"TRANASCTION_ID" CHAR(5 BYTE) COLLATE "USING_NLS_COMP", 
	"TRANSACTION_DATE" DATE, 
	"CUSTOMER_ID" CHAR(5 BYTE) COLLATE "USING_NLS_COMP", 
	"CAR_NUMBER_PLATE" CHAR(7 BYTE) COLLATE "USING_NLS_COMP"
   )  DEFAULT COLLATION "USING_NLS_COMP" SEGMENT CREATION DEFERRED 
  PCTFREE 10 PCTUSED 40 INITRANS 1 MAXTRANS 255 
 NOCOMPRESS LOGGING
  TABLESPACE "USERS" ;
--------------------------------------------------------
--  DDL for Table USERS
--------------------------------------------------------

  CREATE TABLE "HR"."USERS" 
   (	"USERID" CHAR(5 BYTE) COLLATE "USING_NLS_COMP", 
	"FIRST_NAME" VARCHAR2(20 BYTE) COLLATE "USING_NLS_COMP", 
	"LAST_NAME" VARCHAR2(20 BYTE) COLLATE "USING_NLS_COMP", 
	"AGE" NUMBER(3,0), 
	"ADDRESS" VARCHAR2(50 BYTE) COLLATE "USING_NLS_COMP", 
	"CITY" VARCHAR2(20 BYTE) COLLATE "USING_NLS_COMP"
   )  DEFAULT COLLATION "USING_NLS_COMP" SEGMENT CREATION IMMEDIATE 
  PCTFREE 10 PCTUSED 40 INITRANS 1 MAXTRANS 255 
 NOCOMPRESS LOGGING
  STORAGE(INITIAL 65536 NEXT 1048576 MINEXTENTS 1 MAXEXTENTS 2147483645
  PCTINCREASE 0 FREELISTS 1 FREELIST GROUPS 1
  BUFFER_POOL DEFAULT FLASH_CACHE DEFAULT CELL_FLASH_CACHE DEFAULT)
  TABLESPACE "USERS" ;
--------------------------------------------------------
--  DDL for Table USER_TYPE
--------------------------------------------------------

  CREATE TABLE "HR"."USER_TYPE" 
   (	"USER_TYPE_ID" CHAR(5 BYTE) COLLATE "USING_NLS_COMP", 
	"USER_TYPE_NAME" CHAR(20 BYTE) COLLATE "USING_NLS_COMP"
   )  DEFAULT COLLATION "USING_NLS_COMP" SEGMENT CREATION IMMEDIATE 
  PCTFREE 10 PCTUSED 40 INITRANS 1 MAXTRANS 255 
 NOCOMPRESS LOGGING
  STORAGE(INITIAL 65536 NEXT 1048576 MINEXTENTS 1 MAXEXTENTS 2147483645
  PCTINCREASE 0 FREELISTS 1 FREELIST GROUPS 1
  BUFFER_POOL DEFAULT FLASH_CACHE DEFAULT CELL_FLASH_CACHE DEFAULT)
  TABLESPACE "USERS" ;
REM INSERTING into HR.BOOKING
SET DEFINE OFF;
Insert into HR.BOOKING (BOOKING_ID,CUSTOMER_ID,MOVIE_THEATRE_ID,BOOKING_DATE,NO_OF_SEATS) values ('B0001','C1001','MT001',to_date('02-11-19','DD-MM-RR'),'5    ');
Insert into HR.BOOKING (BOOKING_ID,CUSTOMER_ID,MOVIE_THEATRE_ID,BOOKING_DATE,NO_OF_SEATS) values ('B0002','C1002','MT002',to_date('05-05-19','DD-MM-RR'),'3    ');
Insert into HR.BOOKING (BOOKING_ID,CUSTOMER_ID,MOVIE_THEATRE_ID,BOOKING_DATE,NO_OF_SEATS) values ('B0003','C1001','MT003',to_date('02-01-20','DD-MM-RR'),'2    ');
REM INSERTING into HR.CAR
SET DEFINE OFF;
REM INSERTING into HR.CAR_CUSTOMER
SET DEFINE OFF;
REM INSERTING into HR.CITY
SET DEFINE OFF;
Insert into HR.CITY (CITY_ID,CITY_NAME) values ('C0001','Mumbai');
Insert into HR.CITY (CITY_ID,CITY_NAME) values ('C0002','Delhi');
Insert into HR.CITY (CITY_ID,CITY_NAME) values ('C0003','Bangalore');
REM INSERTING into HR.CUSTOMER
SET DEFINE OFF;
Insert into HR.CUSTOMER (CUSTOMER_ID,FIRST_NAME,LAST_NAME,USERNAME,PASSWORD,DATE_OF_BIRTH,USER_TYPE_ID) values ('C1001','Vishwa','Mohan','vish@g.com','sadfesf',to_date('07-12-88','DD-MM-RR'),'U0001');
Insert into HR.CUSTOMER (CUSTOMER_ID,FIRST_NAME,LAST_NAME,USERNAME,PASSWORD,DATE_OF_BIRTH,USER_TYPE_ID) values ('C1002','Roshan','Kumar','rosh0@g.com1','sadfesf12',to_date('01-11-87','DD-MM-RR'),'U0001');
Insert into HR.CUSTOMER (CUSTOMER_ID,FIRST_NAME,LAST_NAME,USERNAME,PASSWORD,DATE_OF_BIRTH,USER_TYPE_ID) values ('C1003','Sachin','Tendulkar','sach01@g.com','sadf1sdsf12',to_date('30-04-85','DD-MM-RR'),'U0002');
REM INSERTING into HR.CUSTOMER_CONTACT
SET DEFINE OFF;
Insert into HR.CUSTOMER_CONTACT (MOBILE_NUMBER,CUSTOMER_ID) values ('9176239000','C1001');
Insert into HR.CUSTOMER_CONTACT (MOBILE_NUMBER,CUSTOMER_ID) values ('9176239943','C1001');
Insert into HR.CUSTOMER_CONTACT (MOBILE_NUMBER,CUSTOMER_ID) values ('9176239777','C1002');
Insert into HR.CUSTOMER_CONTACT (MOBILE_NUMBER,CUSTOMER_ID) values ('9176239953','C1002');
Insert into HR.CUSTOMER_CONTACT (MOBILE_NUMBER,CUSTOMER_ID) values ('9176239234','C1003');
Insert into HR.CUSTOMER_CONTACT (MOBILE_NUMBER,CUSTOMER_ID) values ('9176239912','C1003');
REM INSERTING into HR.EMPLOYEE
SET DEFINE OFF;
Insert into HR.EMPLOYEE (EMPLOYEE_ID,NAME,MOBILE_NUMBER) values ('E001 ','Rakesh',1234567890);
Insert into HR.EMPLOYEE (EMPLOYEE_ID,NAME,MOBILE_NUMBER) values ('E002 ','Vishwa',1234567891);
Insert into HR.EMPLOYEE (EMPLOYEE_ID,NAME,MOBILE_NUMBER) values ('E003 ','Mohan',1234567891);
REM INSERTING into HR.LANGUAGE
SET DEFINE OFF;
Insert into HR.LANGUAGE (LANGUAGE_ID,LANGUAGE_NAME) values ('L0001','HINDI');
Insert into HR.LANGUAGE (LANGUAGE_ID,LANGUAGE_NAME) values ('L0002','ENGLISH');
Insert into HR.LANGUAGE (LANGUAGE_ID,LANGUAGE_NAME) values ('L0003','TAMIL');
REM INSERTING into HR.MOVIE
SET DEFINE OFF;
Insert into HR.MOVIE (MOVIE_ID,MOVIE_NAME,MOVIE_DESC,RELEASE_DATE,DURATION,COVER_PHOTO_URL,TRAILER_URL,STATUS_ID) values ('M0001','Avengers','This is a Superhero Movie',to_date('26-07-20','DD-MM-RR'),150,'www.avengers_endgame/image.jpg','https://youtube.com/avengers','S0001');
Insert into HR.MOVIE (MOVIE_ID,MOVIE_NAME,MOVIE_DESC,RELEASE_DATE,DURATION,COVER_PHOTO_URL,TRAILER_URL,STATUS_ID) values ('M0002','Oceans 11','This is a Suspense',to_date('26-07-08','DD-MM-RR'),120,'www.oceans_11/image.jpg','https://youtube.com/oceans','S0002');
Insert into HR.MOVIE (MOVIE_ID,MOVIE_NAME,MOVIE_DESC,RELEASE_DATE,DURATION,COVER_PHOTO_URL,TRAILER_URL,STATUS_ID) values ('M0003','Gladiator','This is a Historical Fiction',to_date('26-06-00','DD-MM-RR'),90,'www.gladiator/image.jpg','https://youtube.com/gladiator','S0003');
Insert into HR.MOVIE (MOVIE_ID,MOVIE_NAME,MOVIE_DESC,RELEASE_DATE,DURATION,COVER_PHOTO_URL,TRAILER_URL,STATUS_ID) values ('M0004','Ice Age','This is an Animated',to_date('26-08-20','DD-MM-RR'),120,'www.IceAge/image.jpg','https://youtube.com/iceage','S0001');
Insert into HR.MOVIE (MOVIE_ID,MOVIE_NAME,MOVIE_DESC,RELEASE_DATE,DURATION,COVER_PHOTO_URL,TRAILER_URL,STATUS_ID) values ('M0005','Suspects','This is a Suspense',to_date('26-09-20','DD-MM-RR'),90,'www.Suspects/image.jpg','https://youtube.com/suspects','S0001');
Insert into HR.MOVIE (MOVIE_ID,MOVIE_NAME,MOVIE_DESC,RELEASE_DATE,DURATION,COVER_PHOTO_URL,TRAILER_URL,STATUS_ID) values ('M0006','Departed','This is a Suspense',to_date('26-09-20','DD-MM-RR'),200,'www.Departed/image.jpg','https://youtube.com/departed','S0001');
REM INSERTING into HR.MOVIE_LANGUAGE
SET DEFINE OFF;
Insert into HR.MOVIE_LANGUAGE (MOVIE_LANGUAGE_ID,LANGUAGE_ID,MOVIE_ID) values ('ML001','L0001','M0001');
Insert into HR.MOVIE_LANGUAGE (MOVIE_LANGUAGE_ID,LANGUAGE_ID,MOVIE_ID) values ('ML002','L0001','M0002');
Insert into HR.MOVIE_LANGUAGE (MOVIE_LANGUAGE_ID,LANGUAGE_ID,MOVIE_ID) values ('ML003','L0001','M0003');
Insert into HR.MOVIE_LANGUAGE (MOVIE_LANGUAGE_ID,LANGUAGE_ID,MOVIE_ID) values ('ML004','L0002','M0004');
Insert into HR.MOVIE_LANGUAGE (MOVIE_LANGUAGE_ID,LANGUAGE_ID,MOVIE_ID) values ('ML005','L0002','M0005');
Insert into HR.MOVIE_LANGUAGE (MOVIE_LANGUAGE_ID,LANGUAGE_ID,MOVIE_ID) values ('ML006','L0001','M0005');
Insert into HR.MOVIE_LANGUAGE (MOVIE_LANGUAGE_ID,LANGUAGE_ID,MOVIE_ID) values ('ML007','L0003','M0006');
REM INSERTING into HR.MOVIE_THEATRE
SET DEFINE OFF;
Insert into HR.MOVIE_THEATRE (MOVIE_THEATRE_ID,MOVIE_ID,THEATRE_ID,SEATS_REMAINING) values ('MT001','M0001','T0001',145);
Insert into HR.MOVIE_THEATRE (MOVIE_THEATRE_ID,MOVIE_ID,THEATRE_ID,SEATS_REMAINING) values ('MT002','M0002','T0002',200);
Insert into HR.MOVIE_THEATRE (MOVIE_THEATRE_ID,MOVIE_ID,THEATRE_ID,SEATS_REMAINING) values ('MT003','M0003','T0003',50);
Insert into HR.MOVIE_THEATRE (MOVIE_THEATRE_ID,MOVIE_ID,THEATRE_ID,SEATS_REMAINING) values ('MT004','M0004','T0004',45);
REM INSERTING into HR.OWNER
SET DEFINE OFF;
REM INSERTING into HR.STATUS
SET DEFINE OFF;
Insert into HR.STATUS (STATUS_ID,STATUS_NAME) values ('S0003','DELETED');
Insert into HR.STATUS (STATUS_ID,STATUS_NAME) values ('S0002','Ongoing');
Insert into HR.STATUS (STATUS_ID,STATUS_NAME) values ('S0001','Upcoming');
REM INSERTING into HR.STORE_CUSTOMER
SET DEFINE OFF;
Insert into HR.STORE_CUSTOMER (CUSTOMER_ID,NAME,MOBILE_NUMBER) values ('C001 ','Mahesh',9230567890);
Insert into HR.STORE_CUSTOMER (CUSTOMER_ID,NAME,MOBILE_NUMBER) values ('C002 ','Neeraj',8834567891);
Insert into HR.STORE_CUSTOMER (CUSTOMER_ID,NAME,MOBILE_NUMBER) values ('C004 ','Rudra',9084567891);
Insert into HR.STORE_CUSTOMER (CUSTOMER_ID,NAME,MOBILE_NUMBER) values ('C005 ','Mohan',1234567891);
Insert into HR.STORE_CUSTOMER (CUSTOMER_ID,NAME,MOBILE_NUMBER) values ('C006 ','Vishwa',1234567891);
REM INSERTING into HR.THEATRE
SET DEFINE OFF;
Insert into HR.THEATRE (THEATRE_ID,THEATRE_NAME,CITY_ID,NO_OF_SEATS,TICKET_PRICE) values ('T0001','INOX','C0001',150,300);
Insert into HR.THEATRE (THEATRE_ID,THEATRE_NAME,CITY_ID,NO_OF_SEATS,TICKET_PRICE) values ('T0002','Carnival','C0002',300,350);
Insert into HR.THEATRE (THEATRE_ID,THEATRE_NAME,CITY_ID,NO_OF_SEATS,TICKET_PRICE) values ('T0003','Cinepolis','C0003',200,400);
Insert into HR.THEATRE (THEATRE_ID,THEATRE_NAME,CITY_ID,NO_OF_SEATS,TICKET_PRICE) values ('T0004','Fun Republic','C0001',300,250);
REM INSERTING into HR.TRANSACTION
SET DEFINE OFF;
REM INSERTING into HR.USERS
SET DEFINE OFF;
Insert into HR.USERS (USERID,FIRST_NAME,LAST_NAME,AGE,ADDRESS,CITY) values ('00001','George','Martin',30,'S1 street, central park','Bangalore');
Insert into HR.USERS (USERID,FIRST_NAME,LAST_NAME,AGE,ADDRESS,CITY) values ('00002','Rita','Alex',18,'S2 street, central park','Mumbai');
Insert into HR.USERS (USERID,FIRST_NAME,LAST_NAME,AGE,ADDRESS,CITY) values ('00003','Jimmy','Roger',23,'S3 street, central park','Hyderabad');
REM INSERTING into HR.USER_TYPE
SET DEFINE OFF;
Insert into HR.USER_TYPE (USER_TYPE_ID,USER_TYPE_NAME) values ('U0002','Admin               ');
Insert into HR.USER_TYPE (USER_TYPE_ID,USER_TYPE_NAME) values ('U0001','User                ');
--------------------------------------------------------
--  DDL for Index SYS_C0012596
--------------------------------------------------------

  CREATE UNIQUE INDEX "HR"."SYS_C0012596" ON "HR"."STATUS" ("STATUS_ID") 
  PCTFREE 10 INITRANS 2 MAXTRANS 255 COMPUTE STATISTICS 
  STORAGE(INITIAL 65536 NEXT 1048576 MINEXTENTS 1 MAXEXTENTS 2147483645
  PCTINCREASE 0 FREELISTS 1 FREELIST GROUPS 1
  BUFFER_POOL DEFAULT FLASH_CACHE DEFAULT CELL_FLASH_CACHE DEFAULT)
  TABLESPACE "USERS" ;
--------------------------------------------------------
--  DDL for Index SYS_C0012597
--------------------------------------------------------

  CREATE UNIQUE INDEX "HR"."SYS_C0012597" ON "HR"."STATUS" ("STATUS_NAME") 
  PCTFREE 10 INITRANS 2 MAXTRANS 255 COMPUTE STATISTICS 
  STORAGE(INITIAL 65536 NEXT 1048576 MINEXTENTS 1 MAXEXTENTS 2147483645
  PCTINCREASE 0 FREELISTS 1 FREELIST GROUPS 1
  BUFFER_POOL DEFAULT FLASH_CACHE DEFAULT CELL_FLASH_CACHE DEFAULT)
  TABLESPACE "USERS" ;
--------------------------------------------------------
--  DDL for Index SYS_C0012749
--------------------------------------------------------

  CREATE UNIQUE INDEX "HR"."SYS_C0012749" ON "HR"."USERS" ("USERID") 
  PCTFREE 10 INITRANS 2 MAXTRANS 255 COMPUTE STATISTICS 
  STORAGE(INITIAL 65536 NEXT 1048576 MINEXTENTS 1 MAXEXTENTS 2147483645
  PCTINCREASE 0 FREELISTS 1 FREELIST GROUPS 1
  BUFFER_POOL DEFAULT FLASH_CACHE DEFAULT CELL_FLASH_CACHE DEFAULT)
  TABLESPACE "USERS" ;
--------------------------------------------------------
--  DDL for Index SYS_C0012756
--------------------------------------------------------

  CREATE UNIQUE INDEX "HR"."SYS_C0012756" ON "HR"."EMPLOYEE" ("EMPLOYEE_ID") 
  PCTFREE 10 INITRANS 2 MAXTRANS 255 COMPUTE STATISTICS 
  STORAGE(INITIAL 65536 NEXT 1048576 MINEXTENTS 1 MAXEXTENTS 2147483645
  PCTINCREASE 0 FREELISTS 1 FREELIST GROUPS 1
  BUFFER_POOL DEFAULT FLASH_CACHE DEFAULT CELL_FLASH_CACHE DEFAULT)
  TABLESPACE "USERS" ;
--------------------------------------------------------
--  DDL for Index SYS_C0012759
--------------------------------------------------------

  CREATE UNIQUE INDEX "HR"."SYS_C0012759" ON "HR"."STORE_CUSTOMER" ("CUSTOMER_ID") 
  PCTFREE 10 INITRANS 2 MAXTRANS 255 COMPUTE STATISTICS 
  STORAGE(INITIAL 65536 NEXT 1048576 MINEXTENTS 1 MAXEXTENTS 2147483645
  PCTINCREASE 0 FREELISTS 1 FREELIST GROUPS 1
  BUFFER_POOL DEFAULT FLASH_CACHE DEFAULT CELL_FLASH_CACHE DEFAULT)
  TABLESPACE "USERS" ;
--------------------------------------------------------
--  DDL for Index SYS_C0012827
--------------------------------------------------------

  CREATE UNIQUE INDEX "HR"."SYS_C0012827" ON "HR"."OWNER" ("OWNER_ID") 
  PCTFREE 10 INITRANS 2 MAXTRANS 255 COMPUTE STATISTICS 
  TABLESPACE "USERS" ;
--------------------------------------------------------
--  DDL for Index SYS_C0012830
--------------------------------------------------------

  CREATE UNIQUE INDEX "HR"."SYS_C0012830" ON "HR"."CAR" ("CAR_NUMBER_PLATE") 
  PCTFREE 10 INITRANS 2 MAXTRANS 255 COMPUTE STATISTICS 
  TABLESPACE "USERS" ;
--------------------------------------------------------
--  DDL for Index SYS_C0012833
--------------------------------------------------------

  CREATE UNIQUE INDEX "HR"."SYS_C0012833" ON "HR"."CAR_CUSTOMER" ("CUSTOMER_ID") 
  PCTFREE 10 INITRANS 2 MAXTRANS 255 COMPUTE STATISTICS 
  TABLESPACE "USERS" ;
--------------------------------------------------------
--  DDL for Index SYS_C0012837
--------------------------------------------------------

  CREATE UNIQUE INDEX "HR"."SYS_C0012837" ON "HR"."TRANSACTION" ("TRANASCTION_ID") 
  PCTFREE 10 INITRANS 2 MAXTRANS 255 COMPUTE STATISTICS 
  TABLESPACE "USERS" ;
--------------------------------------------------------
--  DDL for Index SYS_C0012844
--------------------------------------------------------

  CREATE UNIQUE INDEX "HR"."SYS_C0012844" ON "HR"."USER_TYPE" ("USER_TYPE_ID") 
  PCTFREE 10 INITRANS 2 MAXTRANS 255 COMPUTE STATISTICS 
  STORAGE(INITIAL 65536 NEXT 1048576 MINEXTENTS 1 MAXEXTENTS 2147483645
  PCTINCREASE 0 FREELISTS 1 FREELIST GROUPS 1
  BUFFER_POOL DEFAULT FLASH_CACHE DEFAULT CELL_FLASH_CACHE DEFAULT)
  TABLESPACE "USERS" ;
--------------------------------------------------------
--  DDL for Index SYS_C0012845
--------------------------------------------------------

  CREATE UNIQUE INDEX "HR"."SYS_C0012845" ON "HR"."USER_TYPE" ("USER_TYPE_NAME") 
  PCTFREE 10 INITRANS 2 MAXTRANS 255 COMPUTE STATISTICS 
  STORAGE(INITIAL 65536 NEXT 1048576 MINEXTENTS 1 MAXEXTENTS 2147483645
  PCTINCREASE 0 FREELISTS 1 FREELIST GROUPS 1
  BUFFER_POOL DEFAULT FLASH_CACHE DEFAULT CELL_FLASH_CACHE DEFAULT)
  TABLESPACE "USERS" ;
--------------------------------------------------------
--  DDL for Index SYS_C0012851
--------------------------------------------------------

  CREATE UNIQUE INDEX "HR"."SYS_C0012851" ON "HR"."CUSTOMER" ("CUSTOMER_ID") 
  PCTFREE 10 INITRANS 2 MAXTRANS 255 COMPUTE STATISTICS 
  STORAGE(INITIAL 65536 NEXT 1048576 MINEXTENTS 1 MAXEXTENTS 2147483645
  PCTINCREASE 0 FREELISTS 1 FREELIST GROUPS 1
  BUFFER_POOL DEFAULT FLASH_CACHE DEFAULT CELL_FLASH_CACHE DEFAULT)
  TABLESPACE "USERS" ;
--------------------------------------------------------
--  DDL for Index SYS_C0012852
--------------------------------------------------------

  CREATE UNIQUE INDEX "HR"."SYS_C0012852" ON "HR"."CUSTOMER" ("USERNAME") 
  PCTFREE 10 INITRANS 2 MAXTRANS 255 COMPUTE STATISTICS 
  STORAGE(INITIAL 65536 NEXT 1048576 MINEXTENTS 1 MAXEXTENTS 2147483645
  PCTINCREASE 0 FREELISTS 1 FREELIST GROUPS 1
  BUFFER_POOL DEFAULT FLASH_CACHE DEFAULT CELL_FLASH_CACHE DEFAULT)
  TABLESPACE "USERS" ;
--------------------------------------------------------
--  DDL for Index SYS_C0012854
--------------------------------------------------------

  CREATE UNIQUE INDEX "HR"."SYS_C0012854" ON "HR"."CUSTOMER_CONTACT" ("CUSTOMER_ID", "MOBILE_NUMBER") 
  PCTFREE 10 INITRANS 2 MAXTRANS 255 COMPUTE STATISTICS 
  STORAGE(INITIAL 65536 NEXT 1048576 MINEXTENTS 1 MAXEXTENTS 2147483645
  PCTINCREASE 0 FREELISTS 1 FREELIST GROUPS 1
  BUFFER_POOL DEFAULT FLASH_CACHE DEFAULT CELL_FLASH_CACHE DEFAULT)
  TABLESPACE "USERS" ;
--------------------------------------------------------
--  DDL for Index SYS_C0013029
--------------------------------------------------------

  CREATE UNIQUE INDEX "HR"."SYS_C0013029" ON "HR"."MOVIE" ("MOVIE_ID") 
  PCTFREE 10 INITRANS 2 MAXTRANS 255 
  STORAGE(INITIAL 65536 NEXT 1048576 MINEXTENTS 1 MAXEXTENTS 2147483645
  PCTINCREASE 0 FREELISTS 1 FREELIST GROUPS 1
  BUFFER_POOL DEFAULT FLASH_CACHE DEFAULT CELL_FLASH_CACHE DEFAULT)
  TABLESPACE "USERS" ;
--------------------------------------------------------
--  DDL for Index SYS_C0013030
--------------------------------------------------------

  CREATE UNIQUE INDEX "HR"."SYS_C0013030" ON "HR"."MOVIE" ("MOVIE_NAME") 
  PCTFREE 10 INITRANS 2 MAXTRANS 255 
  STORAGE(INITIAL 65536 NEXT 1048576 MINEXTENTS 1 MAXEXTENTS 2147483645
  PCTINCREASE 0 FREELISTS 1 FREELIST GROUPS 1
  BUFFER_POOL DEFAULT FLASH_CACHE DEFAULT CELL_FLASH_CACHE DEFAULT)
  TABLESPACE "USERS" ;
--------------------------------------------------------
--  DDL for Index SYS_C0013033
--------------------------------------------------------

  CREATE UNIQUE INDEX "HR"."SYS_C0013033" ON "HR"."LANGUAGE" ("LANGUAGE_ID") 
  PCTFREE 10 INITRANS 2 MAXTRANS 255 
  STORAGE(INITIAL 65536 NEXT 1048576 MINEXTENTS 1 MAXEXTENTS 2147483645
  PCTINCREASE 0 FREELISTS 1 FREELIST GROUPS 1
  BUFFER_POOL DEFAULT FLASH_CACHE DEFAULT CELL_FLASH_CACHE DEFAULT)
  TABLESPACE "USERS" ;
--------------------------------------------------------
--  DDL for Index SYS_C0013034
--------------------------------------------------------

  CREATE UNIQUE INDEX "HR"."SYS_C0013034" ON "HR"."LANGUAGE" ("LANGUAGE_NAME") 
  PCTFREE 10 INITRANS 2 MAXTRANS 255 
  STORAGE(INITIAL 65536 NEXT 1048576 MINEXTENTS 1 MAXEXTENTS 2147483645
  PCTINCREASE 0 FREELISTS 1 FREELIST GROUPS 1
  BUFFER_POOL DEFAULT FLASH_CACHE DEFAULT CELL_FLASH_CACHE DEFAULT)
  TABLESPACE "USERS" ;
--------------------------------------------------------
--  DDL for Index SYS_C0013037
--------------------------------------------------------

  CREATE UNIQUE INDEX "HR"."SYS_C0013037" ON "HR"."MOVIE_LANGUAGE" ("MOVIE_LANGUAGE_ID") 
  PCTFREE 10 INITRANS 2 MAXTRANS 255 
  STORAGE(INITIAL 65536 NEXT 1048576 MINEXTENTS 1 MAXEXTENTS 2147483645
  PCTINCREASE 0 FREELISTS 1 FREELIST GROUPS 1
  BUFFER_POOL DEFAULT FLASH_CACHE DEFAULT CELL_FLASH_CACHE DEFAULT)
  TABLESPACE "USERS" ;
--------------------------------------------------------
--  DDL for Index SYS_C0013041
--------------------------------------------------------

  CREATE UNIQUE INDEX "HR"."SYS_C0013041" ON "HR"."CITY" ("CITY_ID") 
  PCTFREE 10 INITRANS 2 MAXTRANS 255 
  STORAGE(INITIAL 65536 NEXT 1048576 MINEXTENTS 1 MAXEXTENTS 2147483645
  PCTINCREASE 0 FREELISTS 1 FREELIST GROUPS 1
  BUFFER_POOL DEFAULT FLASH_CACHE DEFAULT CELL_FLASH_CACHE DEFAULT)
  TABLESPACE "USERS" ;
--------------------------------------------------------
--  DDL for Index SYS_C0013044
--------------------------------------------------------

  CREATE UNIQUE INDEX "HR"."SYS_C0013044" ON "HR"."THEATRE" ("THEATRE_ID") 
  PCTFREE 10 INITRANS 2 MAXTRANS 255 
  STORAGE(INITIAL 65536 NEXT 1048576 MINEXTENTS 1 MAXEXTENTS 2147483645
  PCTINCREASE 0 FREELISTS 1 FREELIST GROUPS 1
  BUFFER_POOL DEFAULT FLASH_CACHE DEFAULT CELL_FLASH_CACHE DEFAULT)
  TABLESPACE "USERS" ;
--------------------------------------------------------
--  DDL for Index SYS_C0013049
--------------------------------------------------------

  CREATE UNIQUE INDEX "HR"."SYS_C0013049" ON "HR"."MOVIE_THEATRE" ("MOVIE_THEATRE_ID") 
  PCTFREE 10 INITRANS 2 MAXTRANS 255 
  STORAGE(INITIAL 65536 NEXT 1048576 MINEXTENTS 1 MAXEXTENTS 2147483645
  PCTINCREASE 0 FREELISTS 1 FREELIST GROUPS 1
  BUFFER_POOL DEFAULT FLASH_CACHE DEFAULT CELL_FLASH_CACHE DEFAULT)
  TABLESPACE "USERS" ;
--------------------------------------------------------
--  DDL for Index SYS_C0013056
--------------------------------------------------------

  CREATE UNIQUE INDEX "HR"."SYS_C0013056" ON "HR"."BOOKING" ("BOOKING_ID") 
  PCTFREE 10 INITRANS 2 MAXTRANS 255 
  STORAGE(INITIAL 65536 NEXT 1048576 MINEXTENTS 1 MAXEXTENTS 2147483645
  PCTINCREASE 0 FREELISTS 1 FREELIST GROUPS 1
  BUFFER_POOL DEFAULT FLASH_CACHE DEFAULT CELL_FLASH_CACHE DEFAULT)
  TABLESPACE "USERS" ;
--------------------------------------------------------
--  Constraints for Table BOOKING
--------------------------------------------------------

  ALTER TABLE "HR"."BOOKING" MODIFY ("CUSTOMER_ID" NOT NULL ENABLE);
  ALTER TABLE "HR"."BOOKING" MODIFY ("MOVIE_THEATRE_ID" NOT NULL ENABLE);
  ALTER TABLE "HR"."BOOKING" MODIFY ("BOOKING_DATE" NOT NULL ENABLE);
  ALTER TABLE "HR"."BOOKING" MODIFY ("NO_OF_SEATS" NOT NULL ENABLE);
  ALTER TABLE "HR"."BOOKING" ADD PRIMARY KEY ("BOOKING_ID")
  USING INDEX PCTFREE 10 INITRANS 2 MAXTRANS 255 
  STORAGE(INITIAL 65536 NEXT 1048576 MINEXTENTS 1 MAXEXTENTS 2147483645
  PCTINCREASE 0 FREELISTS 1 FREELIST GROUPS 1
  BUFFER_POOL DEFAULT FLASH_CACHE DEFAULT CELL_FLASH_CACHE DEFAULT)
  TABLESPACE "USERS"  ENABLE;
--------------------------------------------------------
--  Constraints for Table CAR
--------------------------------------------------------

  ALTER TABLE "HR"."CAR" MODIFY ("CAR_NAME" NOT NULL ENABLE);
  ALTER TABLE "HR"."CAR" MODIFY ("OWNER_ID" NOT NULL ENABLE);
  ALTER TABLE "HR"."CAR" ADD PRIMARY KEY ("CAR_NUMBER_PLATE")
  USING INDEX PCTFREE 10 INITRANS 2 MAXTRANS 255 COMPUTE STATISTICS 
  TABLESPACE "USERS"  ENABLE;
--------------------------------------------------------
--  Constraints for Table CAR_CUSTOMER
--------------------------------------------------------

  ALTER TABLE "HR"."CAR_CUSTOMER" MODIFY ("CUSTOMER_NAME" NOT NULL ENABLE);
  ALTER TABLE "HR"."CAR_CUSTOMER" ADD PRIMARY KEY ("CUSTOMER_ID")
  USING INDEX PCTFREE 10 INITRANS 2 MAXTRANS 255 COMPUTE STATISTICS 
  TABLESPACE "USERS"  ENABLE;
--------------------------------------------------------
--  Constraints for Table CITY
--------------------------------------------------------

  ALTER TABLE "HR"."CITY" MODIFY ("CITY_NAME" NOT NULL ENABLE);
  ALTER TABLE "HR"."CITY" ADD PRIMARY KEY ("CITY_ID")
  USING INDEX PCTFREE 10 INITRANS 2 MAXTRANS 255 
  STORAGE(INITIAL 65536 NEXT 1048576 MINEXTENTS 1 MAXEXTENTS 2147483645
  PCTINCREASE 0 FREELISTS 1 FREELIST GROUPS 1
  BUFFER_POOL DEFAULT FLASH_CACHE DEFAULT CELL_FLASH_CACHE DEFAULT)
  TABLESPACE "USERS"  ENABLE;
--------------------------------------------------------
--  Constraints for Table CUSTOMER
--------------------------------------------------------

  ALTER TABLE "HR"."CUSTOMER" MODIFY ("FIRST_NAME" NOT NULL ENABLE);
  ALTER TABLE "HR"."CUSTOMER" MODIFY ("USERNAME" NOT NULL ENABLE);
  ALTER TABLE "HR"."CUSTOMER" MODIFY ("PASSWORD" NOT NULL ENABLE);
  ALTER TABLE "HR"."CUSTOMER" MODIFY ("DATE_OF_BIRTH" NOT NULL ENABLE);
  ALTER TABLE "HR"."CUSTOMER" MODIFY ("USER_TYPE_ID" NOT NULL ENABLE);
  ALTER TABLE "HR"."CUSTOMER" ADD PRIMARY KEY ("CUSTOMER_ID")
  USING INDEX PCTFREE 10 INITRANS 2 MAXTRANS 255 COMPUTE STATISTICS 
  STORAGE(INITIAL 65536 NEXT 1048576 MINEXTENTS 1 MAXEXTENTS 2147483645
  PCTINCREASE 0 FREELISTS 1 FREELIST GROUPS 1
  BUFFER_POOL DEFAULT FLASH_CACHE DEFAULT CELL_FLASH_CACHE DEFAULT)
  TABLESPACE "USERS"  ENABLE;
  ALTER TABLE "HR"."CUSTOMER" ADD UNIQUE ("USERNAME")
  USING INDEX PCTFREE 10 INITRANS 2 MAXTRANS 255 COMPUTE STATISTICS 
  STORAGE(INITIAL 65536 NEXT 1048576 MINEXTENTS 1 MAXEXTENTS 2147483645
  PCTINCREASE 0 FREELISTS 1 FREELIST GROUPS 1
  BUFFER_POOL DEFAULT FLASH_CACHE DEFAULT CELL_FLASH_CACHE DEFAULT)
  TABLESPACE "USERS"  ENABLE;
--------------------------------------------------------
--  Constraints for Table CUSTOMER_CONTACT
--------------------------------------------------------

  ALTER TABLE "HR"."CUSTOMER_CONTACT" ADD PRIMARY KEY ("CUSTOMER_ID", "MOBILE_NUMBER")
  USING INDEX PCTFREE 10 INITRANS 2 MAXTRANS 255 COMPUTE STATISTICS 
  STORAGE(INITIAL 65536 NEXT 1048576 MINEXTENTS 1 MAXEXTENTS 2147483645
  PCTINCREASE 0 FREELISTS 1 FREELIST GROUPS 1
  BUFFER_POOL DEFAULT FLASH_CACHE DEFAULT CELL_FLASH_CACHE DEFAULT)
  TABLESPACE "USERS"  ENABLE;
--------------------------------------------------------
--  Constraints for Table EMPLOYEE
--------------------------------------------------------

  ALTER TABLE "HR"."EMPLOYEE" MODIFY ("EMPLOYEE_ID" NOT NULL ENABLE);
  ALTER TABLE "HR"."EMPLOYEE" MODIFY ("NAME" NOT NULL ENABLE);
  ALTER TABLE "HR"."EMPLOYEE" ADD PRIMARY KEY ("EMPLOYEE_ID")
  USING INDEX PCTFREE 10 INITRANS 2 MAXTRANS 255 COMPUTE STATISTICS 
  STORAGE(INITIAL 65536 NEXT 1048576 MINEXTENTS 1 MAXEXTENTS 2147483645
  PCTINCREASE 0 FREELISTS 1 FREELIST GROUPS 1
  BUFFER_POOL DEFAULT FLASH_CACHE DEFAULT CELL_FLASH_CACHE DEFAULT)
  TABLESPACE "USERS"  ENABLE;
--------------------------------------------------------
--  Constraints for Table LANGUAGE
--------------------------------------------------------

  ALTER TABLE "HR"."LANGUAGE" MODIFY ("LANGUAGE_NAME" NOT NULL ENABLE);
  ALTER TABLE "HR"."LANGUAGE" ADD PRIMARY KEY ("LANGUAGE_ID")
  USING INDEX PCTFREE 10 INITRANS 2 MAXTRANS 255 
  STORAGE(INITIAL 65536 NEXT 1048576 MINEXTENTS 1 MAXEXTENTS 2147483645
  PCTINCREASE 0 FREELISTS 1 FREELIST GROUPS 1
  BUFFER_POOL DEFAULT FLASH_CACHE DEFAULT CELL_FLASH_CACHE DEFAULT)
  TABLESPACE "USERS"  ENABLE;
  ALTER TABLE "HR"."LANGUAGE" ADD UNIQUE ("LANGUAGE_NAME")
  USING INDEX PCTFREE 10 INITRANS 2 MAXTRANS 255 
  STORAGE(INITIAL 65536 NEXT 1048576 MINEXTENTS 1 MAXEXTENTS 2147483645
  PCTINCREASE 0 FREELISTS 1 FREELIST GROUPS 1
  BUFFER_POOL DEFAULT FLASH_CACHE DEFAULT CELL_FLASH_CACHE DEFAULT)
  TABLESPACE "USERS"  ENABLE;
--------------------------------------------------------
--  Constraints for Table MOVIE
--------------------------------------------------------

  ALTER TABLE "HR"."MOVIE" MODIFY ("MOVIE_NAME" NOT NULL ENABLE);
  ALTER TABLE "HR"."MOVIE" MODIFY ("MOVIE_DESC" NOT NULL ENABLE);
  ALTER TABLE "HR"."MOVIE" MODIFY ("RELEASE_DATE" NOT NULL ENABLE);
  ALTER TABLE "HR"."MOVIE" MODIFY ("DURATION" NOT NULL ENABLE);
  ALTER TABLE "HR"."MOVIE" MODIFY ("COVER_PHOTO_URL" NOT NULL ENABLE);
  ALTER TABLE "HR"."MOVIE" MODIFY ("TRAILER_URL" NOT NULL ENABLE);
  ALTER TABLE "HR"."MOVIE" MODIFY ("STATUS_ID" NOT NULL ENABLE);
  ALTER TABLE "HR"."MOVIE" ADD CHECK (duration> 60) ENABLE;
  ALTER TABLE "HR"."MOVIE" ADD PRIMARY KEY ("MOVIE_ID")
  USING INDEX PCTFREE 10 INITRANS 2 MAXTRANS 255 
  STORAGE(INITIAL 65536 NEXT 1048576 MINEXTENTS 1 MAXEXTENTS 2147483645
  PCTINCREASE 0 FREELISTS 1 FREELIST GROUPS 1
  BUFFER_POOL DEFAULT FLASH_CACHE DEFAULT CELL_FLASH_CACHE DEFAULT)
  TABLESPACE "USERS"  ENABLE;
  ALTER TABLE "HR"."MOVIE" ADD UNIQUE ("MOVIE_NAME")
  USING INDEX PCTFREE 10 INITRANS 2 MAXTRANS 255 
  STORAGE(INITIAL 65536 NEXT 1048576 MINEXTENTS 1 MAXEXTENTS 2147483645
  PCTINCREASE 0 FREELISTS 1 FREELIST GROUPS 1
  BUFFER_POOL DEFAULT FLASH_CACHE DEFAULT CELL_FLASH_CACHE DEFAULT)
  TABLESPACE "USERS"  ENABLE;
--------------------------------------------------------
--  Constraints for Table MOVIE_LANGUAGE
--------------------------------------------------------

  ALTER TABLE "HR"."MOVIE_LANGUAGE" MODIFY ("LANGUAGE_ID" NOT NULL ENABLE);
  ALTER TABLE "HR"."MOVIE_LANGUAGE" MODIFY ("MOVIE_ID" NOT NULL ENABLE);
  ALTER TABLE "HR"."MOVIE_LANGUAGE" ADD PRIMARY KEY ("MOVIE_LANGUAGE_ID")
  USING INDEX PCTFREE 10 INITRANS 2 MAXTRANS 255 
  STORAGE(INITIAL 65536 NEXT 1048576 MINEXTENTS 1 MAXEXTENTS 2147483645
  PCTINCREASE 0 FREELISTS 1 FREELIST GROUPS 1
  BUFFER_POOL DEFAULT FLASH_CACHE DEFAULT CELL_FLASH_CACHE DEFAULT)
  TABLESPACE "USERS"  ENABLE;
--------------------------------------------------------
--  Constraints for Table MOVIE_THEATRE
--------------------------------------------------------

  ALTER TABLE "HR"."MOVIE_THEATRE" MODIFY ("MOVIE_ID" NOT NULL ENABLE);
  ALTER TABLE "HR"."MOVIE_THEATRE" MODIFY ("THEATRE_ID" NOT NULL ENABLE);
  ALTER TABLE "HR"."MOVIE_THEATRE" MODIFY ("SEATS_REMAINING" NOT NULL ENABLE);
  ALTER TABLE "HR"."MOVIE_THEATRE" ADD PRIMARY KEY ("MOVIE_THEATRE_ID")
  USING INDEX PCTFREE 10 INITRANS 2 MAXTRANS 255 
  STORAGE(INITIAL 65536 NEXT 1048576 MINEXTENTS 1 MAXEXTENTS 2147483645
  PCTINCREASE 0 FREELISTS 1 FREELIST GROUPS 1
  BUFFER_POOL DEFAULT FLASH_CACHE DEFAULT CELL_FLASH_CACHE DEFAULT)
  TABLESPACE "USERS"  ENABLE;
--------------------------------------------------------
--  Constraints for Table OWNER
--------------------------------------------------------

  ALTER TABLE "HR"."OWNER" MODIFY ("OWNER_NAME" NOT NULL ENABLE);
  ALTER TABLE "HR"."OWNER" ADD PRIMARY KEY ("OWNER_ID")
  USING INDEX PCTFREE 10 INITRANS 2 MAXTRANS 255 COMPUTE STATISTICS 
  TABLESPACE "USERS"  ENABLE;
--------------------------------------------------------
--  Constraints for Table STATUS
--------------------------------------------------------

  ALTER TABLE "HR"."STATUS" MODIFY ("STATUS_NAME" NOT NULL ENABLE);
  ALTER TABLE "HR"."STATUS" ADD PRIMARY KEY ("STATUS_ID")
  USING INDEX PCTFREE 10 INITRANS 2 MAXTRANS 255 COMPUTE STATISTICS 
  STORAGE(INITIAL 65536 NEXT 1048576 MINEXTENTS 1 MAXEXTENTS 2147483645
  PCTINCREASE 0 FREELISTS 1 FREELIST GROUPS 1
  BUFFER_POOL DEFAULT FLASH_CACHE DEFAULT CELL_FLASH_CACHE DEFAULT)
  TABLESPACE "USERS"  ENABLE;
  ALTER TABLE "HR"."STATUS" ADD UNIQUE ("STATUS_NAME")
  USING INDEX PCTFREE 10 INITRANS 2 MAXTRANS 255 COMPUTE STATISTICS 
  STORAGE(INITIAL 65536 NEXT 1048576 MINEXTENTS 1 MAXEXTENTS 2147483645
  PCTINCREASE 0 FREELISTS 1 FREELIST GROUPS 1
  BUFFER_POOL DEFAULT FLASH_CACHE DEFAULT CELL_FLASH_CACHE DEFAULT)
  TABLESPACE "USERS"  ENABLE;
--------------------------------------------------------
--  Constraints for Table STORE_CUSTOMER
--------------------------------------------------------

  ALTER TABLE "HR"."STORE_CUSTOMER" MODIFY ("CUSTOMER_ID" NOT NULL ENABLE);
  ALTER TABLE "HR"."STORE_CUSTOMER" MODIFY ("NAME" NOT NULL ENABLE);
  ALTER TABLE "HR"."STORE_CUSTOMER" ADD PRIMARY KEY ("CUSTOMER_ID")
  USING INDEX PCTFREE 10 INITRANS 2 MAXTRANS 255 COMPUTE STATISTICS 
  STORAGE(INITIAL 65536 NEXT 1048576 MINEXTENTS 1 MAXEXTENTS 2147483645
  PCTINCREASE 0 FREELISTS 1 FREELIST GROUPS 1
  BUFFER_POOL DEFAULT FLASH_CACHE DEFAULT CELL_FLASH_CACHE DEFAULT)
  TABLESPACE "USERS"  ENABLE;
--------------------------------------------------------
--  Constraints for Table THEATRE
--------------------------------------------------------

  ALTER TABLE "HR"."THEATRE" MODIFY ("THEATRE_NAME" NOT NULL ENABLE);
  ALTER TABLE "HR"."THEATRE" MODIFY ("CITY_ID" NOT NULL ENABLE);
  ALTER TABLE "HR"."THEATRE" ADD PRIMARY KEY ("THEATRE_ID")
  USING INDEX PCTFREE 10 INITRANS 2 MAXTRANS 255 
  STORAGE(INITIAL 65536 NEXT 1048576 MINEXTENTS 1 MAXEXTENTS 2147483645
  PCTINCREASE 0 FREELISTS 1 FREELIST GROUPS 1
  BUFFER_POOL DEFAULT FLASH_CACHE DEFAULT CELL_FLASH_CACHE DEFAULT)
  TABLESPACE "USERS"  ENABLE;
--------------------------------------------------------
--  Constraints for Table TRANSACTION
--------------------------------------------------------

  ALTER TABLE "HR"."TRANSACTION" MODIFY ("TRANSACTION_DATE" NOT NULL ENABLE);
  ALTER TABLE "HR"."TRANSACTION" MODIFY ("CUSTOMER_ID" NOT NULL ENABLE);
  ALTER TABLE "HR"."TRANSACTION" MODIFY ("CAR_NUMBER_PLATE" NOT NULL ENABLE);
  ALTER TABLE "HR"."TRANSACTION" ADD PRIMARY KEY ("TRANASCTION_ID")
  USING INDEX PCTFREE 10 INITRANS 2 MAXTRANS 255 COMPUTE STATISTICS 
  TABLESPACE "USERS"  ENABLE;
--------------------------------------------------------
--  Constraints for Table USERS
--------------------------------------------------------

  ALTER TABLE "HR"."USERS" ADD PRIMARY KEY ("USERID")
  USING INDEX PCTFREE 10 INITRANS 2 MAXTRANS 255 COMPUTE STATISTICS 
  STORAGE(INITIAL 65536 NEXT 1048576 MINEXTENTS 1 MAXEXTENTS 2147483645
  PCTINCREASE 0 FREELISTS 1 FREELIST GROUPS 1
  BUFFER_POOL DEFAULT FLASH_CACHE DEFAULT CELL_FLASH_CACHE DEFAULT)
  TABLESPACE "USERS"  ENABLE;
--------------------------------------------------------
--  Constraints for Table USER_TYPE
--------------------------------------------------------

  ALTER TABLE "HR"."USER_TYPE" MODIFY ("USER_TYPE_NAME" NOT NULL ENABLE);
  ALTER TABLE "HR"."USER_TYPE" ADD PRIMARY KEY ("USER_TYPE_ID")
  USING INDEX PCTFREE 10 INITRANS 2 MAXTRANS 255 COMPUTE STATISTICS 
  STORAGE(INITIAL 65536 NEXT 1048576 MINEXTENTS 1 MAXEXTENTS 2147483645
  PCTINCREASE 0 FREELISTS 1 FREELIST GROUPS 1
  BUFFER_POOL DEFAULT FLASH_CACHE DEFAULT CELL_FLASH_CACHE DEFAULT)
  TABLESPACE "USERS"  ENABLE;
  ALTER TABLE "HR"."USER_TYPE" ADD UNIQUE ("USER_TYPE_NAME")
  USING INDEX PCTFREE 10 INITRANS 2 MAXTRANS 255 COMPUTE STATISTICS 
  STORAGE(INITIAL 65536 NEXT 1048576 MINEXTENTS 1 MAXEXTENTS 2147483645
  PCTINCREASE 0 FREELISTS 1 FREELIST GROUPS 1
  BUFFER_POOL DEFAULT FLASH_CACHE DEFAULT CELL_FLASH_CACHE DEFAULT)
  TABLESPACE "USERS"  ENABLE;
--------------------------------------------------------
--  Ref Constraints for Table BOOKING
--------------------------------------------------------

  ALTER TABLE "HR"."BOOKING" ADD CONSTRAINT "FK_CUSTOMER_TABLE" FOREIGN KEY ("CUSTOMER_ID")
	  REFERENCES "HR"."CUSTOMER" ("CUSTOMER_ID") ENABLE;
  ALTER TABLE "HR"."BOOKING" ADD CONSTRAINT "FK_MOVIE_THEATRE_TABLE" FOREIGN KEY ("MOVIE_THEATRE_ID")
	  REFERENCES "HR"."MOVIE_THEATRE" ("MOVIE_THEATRE_ID") ENABLE;
--------------------------------------------------------
--  Ref Constraints for Table CAR
--------------------------------------------------------

  ALTER TABLE "HR"."CAR" ADD CONSTRAINT "FK_OWNER" FOREIGN KEY ("OWNER_ID")
	  REFERENCES "HR"."OWNER" ("OWNER_ID") ENABLE;
--------------------------------------------------------
--  Ref Constraints for Table CUSTOMER
--------------------------------------------------------

  ALTER TABLE "HR"."CUSTOMER" ADD FOREIGN KEY ("USER_TYPE_ID")
	  REFERENCES "HR"."USER_TYPE" ("USER_TYPE_ID") ENABLE;
--------------------------------------------------------
--  Ref Constraints for Table CUSTOMER_CONTACT
--------------------------------------------------------

  ALTER TABLE "HR"."CUSTOMER_CONTACT" ADD FOREIGN KEY ("CUSTOMER_ID")
	  REFERENCES "HR"."CUSTOMER" ("CUSTOMER_ID") ENABLE;
--------------------------------------------------------
--  Ref Constraints for Table MOVIE
--------------------------------------------------------

  ALTER TABLE "HR"."MOVIE" ADD CONSTRAINT "FK_STATUS" FOREIGN KEY ("STATUS_ID")
	  REFERENCES "HR"."STATUS" ("STATUS_ID") ENABLE;
--------------------------------------------------------
--  Ref Constraints for Table MOVIE_LANGUAGE
--------------------------------------------------------

  ALTER TABLE "HR"."MOVIE_LANGUAGE" ADD CONSTRAINT "FK_LANGUAGE" FOREIGN KEY ("LANGUAGE_ID")
	  REFERENCES "HR"."LANGUAGE" ("LANGUAGE_ID") ENABLE;
  ALTER TABLE "HR"."MOVIE_LANGUAGE" ADD CONSTRAINT "FK_MOVIE" FOREIGN KEY ("MOVIE_ID")
	  REFERENCES "HR"."MOVIE" ("MOVIE_ID") ENABLE;
--------------------------------------------------------
--  Ref Constraints for Table MOVIE_THEATRE
--------------------------------------------------------

  ALTER TABLE "HR"."MOVIE_THEATRE" ADD CONSTRAINT "FK_MOVIE_TABLE" FOREIGN KEY ("MOVIE_ID")
	  REFERENCES "HR"."MOVIE" ("MOVIE_ID") ENABLE;
  ALTER TABLE "HR"."MOVIE_THEATRE" ADD CONSTRAINT "FK_THEATRE_TABLE" FOREIGN KEY ("THEATRE_ID")
	  REFERENCES "HR"."THEATRE" ("THEATRE_ID") ENABLE;
--------------------------------------------------------
--  Ref Constraints for Table THEATRE
--------------------------------------------------------

  ALTER TABLE "HR"."THEATRE" ADD CONSTRAINT "FK_CITY" FOREIGN KEY ("CITY_ID")
	  REFERENCES "HR"."CITY" ("CITY_ID") ENABLE;
--------------------------------------------------------
--  Ref Constraints for Table TRANSACTION
--------------------------------------------------------

  ALTER TABLE "HR"."TRANSACTION" ADD CONSTRAINT "FK_CUSTOMER" FOREIGN KEY ("CUSTOMER_ID")
	  REFERENCES "HR"."CAR_CUSTOMER" ("CUSTOMER_ID") ENABLE;
  ALTER TABLE "HR"."TRANSACTION" ADD CONSTRAINT "FK_CAR_NUMBER_PLATE" FOREIGN KEY ("CAR_NUMBER_PLATE")
	  REFERENCES "HR"."CAR" ("CAR_NUMBER_PLATE") ENABLE;
